{"name":"f8c47e8f-9ada-4555-a458-735bb76ea97c","id":"/providers/Microsoft.Flow/flows/f8c47e8f-9ada-4555-a458-735bb76ea97c","type":"Microsoft.Flow/flows","properties":{"apiId":"/providers/Microsoft.PowerApps/apis/shared_logicflows","displayName":"POC - Uploading file to Sharepoint with Python + Power Automate","definition":{"metadata":{"workflowEntityId":null,"processAdvisorMetadata":null,"flowChargedByPaygo":null,"flowclientsuspensionreason":"None","flowclientsuspensiontime":null,"flowclientsuspensionreasondetails":null,"creator":{"id":"255a46df-67fe-4495-ab7a-af555f6a94ae","type":"User","tenantId":"658ba197-6c73-4fea-91bd-1c7d8de6bf2c"},"provisioningMethod":"FromDefinition","failureAlertSubscription":true,"clientLastModifiedTime":"2025-01-09T18:51:20.6753502Z","connectionKeySavedTimeKey":"2025-01-09T18:51:20.6753502Z"},"$schema":"https://schema.management.azure.com/providers/Microsoft.Logic/schemas/2016-06-01/workflowdefinition.json#","contentVersion":"1.0.0.0","parameters":{"$authentication":{"defaultValue":{},"type":"SecureObject"},"$connections":{"defaultValue":{},"type":"Object"}},"triggers":{"manual":{"metadata":{},"type":"Request","kind":"Http","inputs":{"schema":{"type":"object","properties":{"fileName":{"type":"string"},"fileContent":{"content-type":"application/json","type":"object"}}},"method":"POST","triggerAuthenticationType":"All"}}},"actions":{"Criar_arquivo":{"runAfter":{},"type":"OpenApiConnection","inputs":{"parameters":{"dataset":"https://michelingroup.sharepoint.com/sites/ProcedimentoseReferenciaisdeCompras","folderPath":"/Shared Documents/GESTÃO DE CONTRATOS","name":"@triggerBody()?['fileName']","body":"@triggerBody()?['fileContent']"},"host":{"apiId":"/providers/Microsoft.PowerApps/apis/shared_sharepointonline","connectionName":"shared_sharepointonline","operationId":"CreateFile"},"authentication":"@parameters('$authentication')"},"runtimeConfiguration":{"contentTransfer":{"transferMode":"Chunked"}}},"Resposta":{"runAfter":{"Criar_arquivo":["Succeeded"]},"type":"Response","kind":"Http","inputs":{"statusCode":200}}},"outputs":{}},"connectionReferences":{"shared_sharepointonline":{"connectionName":"bb86f3ed53fa410ab2d7c057943b770f","source":"Embedded","id":"/providers/Microsoft.PowerApps/apis/shared_sharepointonline","tier":"NotSpecified","apiName":"sharepointonline"}},"flowFailureAlertSubscribed":false,"isManaged":false}}