{"name":"fba6f664-dde3-4436-b2ef-ddc204eae679","id":"/providers/Microsoft.Flow/flows/fba6f664-dde3-4436-b2ef-ddc204eae679","type":"Microsoft.Flow/flows","properties":{"apiId":"/providers/Microsoft.PowerApps/apis/shared_logicflows","displayName":"POC - Downloading files from Sharepoint with Python + Power Automates","definition":{"metadata":{"workflowEntityId":null,"processAdvisorMetadata":null,"flowChargedByPaygo":null,"flowclientsuspensionreason":"None","flowclientsuspensiontime":null,"flowclientsuspensionreasondetails":null,"creator":{"id":"7a0a2474-45c5-4d26-96ba-56e7f24246d8","type":"User","tenantId":"658ba197-6c73-4fea-91bd-1c7d8de6bf2c"},"provisioningMethod":"FromDefinition","failureAlertSubscription":true,"clientLastModifiedTime":"2025-01-07T14:56:20.4251914Z","connectionKeySavedTimeKey":"2025-01-07T14:56:20.4251914Z"},"$schema":"https://schema.management.azure.com/providers/Microsoft.Logic/schemas/2016-06-01/workflowdefinition.json#","contentVersion":"undefined","parameters":{"$authentication":{"defaultValue":{},"type":"SecureObject"},"$connections":{"defaultValue":{},"type":"Object"}},"triggers":{"manual":{"metadata":{},"type":"Request","kind":"Http","inputs":{"method":"GET","triggerAuthenticationType":"All"}}},"actions":{"Get_file_content":{"runAfter":{},"metadata":{"%252fShared%2bDocuments%252f00.%2bReports%2bDatabases%252fBuyerList%252fBuyerList.xlsx":"/Shared Documents/00. Reports Databases/BuyerList/BuyerList.xlsx","%252fShared%2bDocuments%252f00.%2bReports%2bDatabases%252f00.%2bLogs%252fSample%252fMySampleFile.xlsx":"/Shared Documents/00. Reports Databases/00. Logs/Sample/MySampleFile.xlsx"},"type":"OpenApiConnection","inputs":{"parameters":{"dataset":"https://michelingroup.sharepoint.com/sites/PurchasingDigitalTools","id":"%252fShared%2bDocuments%252f00.%2bReports%2bDatabases%252f00.%2bLogs%252fSample%252fMySampleFile.xlsx","inferContentType":true},"host":{"apiId":"/providers/Microsoft.PowerApps/apis/shared_sharepointonline","connectionName":"shared_sharepointonline","operationId":"GetFileContent"},"authentication":"@parameters('$authentication')"}},"Response":{"runAfter":{"Get_file_content":["Succeeded"]},"type":"Response","kind":"Http","inputs":{"statusCode":200,"body":"@body('Get_file_content')"}}}},"connectionReferences":{"shared_sharepointonline":{"connectionName":"3f49a92dddd54a569ca0091a2a93afe1","source":"Embedded","id":"/providers/Microsoft.PowerApps/apis/shared_sharepointonline","tier":"NotSpecified","apiName":"sharepointonline"}},"flowFailureAlertSubscribed":false,"isManaged":false}}